Company Name,Website Link
Greaves West & Ayre,gwayre.co.uk
Mission Financial Planning Limited,missionfinancial.co.uk
Tyne & Tweed Mortgage & Investment Services,tyneandtweed.co.uk
Port Brae Associates Ltd,portbrae.co.uk
Watson Financial Planning Ltd,watsonfinancialplanning.co.uk
Leet Financial Planning Limited,
Hedgehope Limited,hedgehope.co.uk
Middlemiss & Associates Limited,middlemissandassociates.co.uk
Alan Ellis Financial Services Limited,aefsl.co.uk
Murrow Wealth Management Limited,murrowwealthmanagement.co.uk
Rachel Stewart,traprainfinancial.co.uk
Bell Financial Planning Limited,bellfinancialplanning.co.uk
Brett Investment Ltd,brettinvestment.com
Karen Richardson Financial Services Limited,krfinancialservices.co.uk
O'Sullivan Associates,ifa-lothians.com
Burt Financial Planning Ltd,burtfinancialplanning.co.uk
Wilson Financial Advice Ltd,wilsonfinancialadvice.co.uk
William White,billwhiteifa.co.uk
Lowland Financial Services Limited,lowlandfinancial.co.uk
Jamieson Financial Planning Ltd,jamiesonfp.co.uk
Alistair Young Financial Ltd,alistairyoung.2plan.com
Miller Associates Limited,millerassociates.co.uk
G & S Investment & Mortgages Ltd,gs-inv-mort.co.uk
MONEY ADVICE PARTNERSHIP LTD,moneyadvicepartnership.co.uk
CFind (Scotland) Ltd,
McInroy & Wood Ltd,mcinroy-wood.co.uk
A & K Financial Management Limited,akfm.co.uk
Cathcart Financial Planning Limited,
Fidra Wealth Management Ltd,fidrawealth.com
Tweedside Financial Services Ltd,
Heard Hamilton Financial Planning Ltd,heardhamilton.co.uk
ERG Financial Planning Limited,ergfinancialplanning.com
Chris Ness Wealth Management Limited,chrisnesswm.co.uk
Niven Financial Ltd,nivenfinancial.co.uk
Broadmeadows Financial Planning Ltd,mandgwealth.com/broadmeadowsfinancialplanning
Deans Investment Advisors LLP,deansca.co.uk
Optimal Financial Solutions Ltd,optimalfinancial.co.uk
Joseph Donkin,partnership.sjp.co.uk/partner/josephdonkin
