Source,Company Name,Website Link
https://financialadvisers.co.uk/financial-planning/lincoln/?pl_p=1&pl_m=40,Carr Financial Ltd,progressive-research.com
https://financialadvisers.co.uk/financial-planning/lincoln/?pl_p=1&pl_m=40,Rossington Wealth Management Ltd,rossingtonwm.co.uk
https://financialadvisers.co.uk/financial-planning/lincoln/?pl_p=1&pl_m=40,CBG Financial Planning Limited,
https://financialadvisers.co.uk/financial-planning/lincoln/?pl_p=1&pl_m=40,White Wealth Management Ltd,whitewm.co.uk
https://financialadvisers.co.uk/financial-planning/lincoln/?pl_p=1&pl_m=40,Fit Financial Services Limited,
https://financialadvisers.co.uk/financial-planning/lincoln/?pl_p=1&pl_m=40,Streets Financial Consulting Limited,sfcplc.co.uk
https://financialadvisers.co.uk/financial-planning/lincoln/?pl_p=1&pl_m=40,Tower House Wealth Management Limited,towerhousewm.co.uk
https://financialadvisers.co.uk/financial-planning/lincoln/?pl_p=1&pl_m=40,Choice Independent Financial Services Ltd,choiceifa.com
https://financialadvisers.co.uk/financial-planning/lincoln/?pl_p=1&pl_m=40,IQ Financial Advice Ltd,iq-fa.co.uk
https://financialadvisers.co.uk/financial-planning/lincoln/?pl_p=1&pl_m=40,Equium Wealth Management Limited,equiumwealth.co.uk
https://financialadvisers.co.uk/financial-planning/lincoln/?pl_p=1&pl_m=40,Lincoln Financial Services Ltd,lincolnfinancialservices.co.uk
https://financialadvisers.co.uk/financial-planning/lincoln/?pl_p=1&pl_m=40,Grange Lane Financial Planning Ltd,mandgwealth.com/grangelanefinancialplanning
https://financialadvisers.co.uk/financial-planning/lincoln/?pl_p=1&pl_m=40,The SalterGuide Ltd,thesalterguide.uk
https://financialadvisers.co.uk/financial-planning/lincoln/?pl_p=1&pl_m=40,SGM Financial Management Ltd,sgmfinancialmanagement.co.uk
https://financialadvisers.co.uk/financial-planning/lincoln/?pl_p=1&pl_m=40,JAV Financial Planning Limited,flyingcolourslife.com
https://financialadvisers.co.uk/financial-planning/lincoln/?pl_p=2&pl_m=40,Chris Cutler,partnership.sjp.co.uk/partner/chriscutler
https://financialadvisers.co.uk/financial-planning/lincoln/?pl_p=2&pl_m=40,Williams Wealth Consultancy Limited,williamswealthconsultancy.co.uk
https://financialadvisers.co.uk/financial-planning/lincoln/?pl_p=2&pl_m=40,JRF Financial Planning Limited,
https://financialadvisers.co.uk/financial-planning/lincoln/?pl_p=2&pl_m=40,Tunstall Financial Management Ltd,tunstallfm.co.uk
https://financialadvisers.co.uk/financial-planning/lincoln/?pl_p=2&pl_m=40,JCM Financial Planning Limited,flyingcolourslife.com
https://financialadvisers.co.uk/financial-planning/lincoln/?pl_p=2&pl_m=40,Emma Storey Independent Financial Planning Ltd,emmastoreyifp.co.uk
https://financialadvisers.co.uk/financial-planning/lincoln/?pl_p=2&pl_m=40,jch investment management limited,kingswood-group.com
https://financialadvisers.co.uk/financial-planning/lincoln/?pl_p=2&pl_m=40,Thompson & Richardson (Financial Services) Lincoln Limited,thompsonandrichardson.co.uk
https://financialadvisers.co.uk/financial-planning/lincoln/?pl_p=2&pl_m=40,Nicholsons PSP Limited,nicholsonsca.co.uk
https://financialadvisers.co.uk/financial-planning/lincoln/?pl_p=2&pl_m=40,Almond Financial Ltd,almondfinancial.co.uk
https://financialadvisers.co.uk/financial-planning/lincoln/?pl_p=2&pl_m=40,Nicholsons Accountants Ltd,nicholsonsca.co.uk
https://financialadvisers.co.uk/financial-planning/lincoln/?pl_p=2&pl_m=40,Witham Financial Services Limited,withamfs.co.uk
https://financialadvisers.co.uk/financial-planning/lincoln/?pl_p=2&pl_m=40,JBD Financial Planning Limited,
https://financialadvisers.co.uk/financial-planning/lincoln/?pl_p=2&pl_m=40,Capital Direct Management (UK) Ltd,capitaladvisory.co.uk
https://financialadvisers.co.uk/financial-planning/lincoln/?pl_p=2&pl_m=40,Boston Direct Management (UK) Ltd,
https://financialadvisers.co.uk/financial-planning/lincoln/?pl_p=3&pl_m=40,M Jones & Co Wealth Management,partnership.sjp.co.uk/michaeljones
https://financialadvisers.co.uk/financial-planning/lincoln/?pl_p=3&pl_m=40,Carrmichaels Ltd,carrmichaels.co.uk
https://financialadvisers.co.uk/financial-planning/lincoln/?pl_p=3&pl_m=40,MWC Group UK,mwcgroup.ch
https://financialadvisers.co.uk/financial-planning/lincoln/?pl_p=3&pl_m=40,Park Lidgett Wealth Management Limited,parklidgett.com
https://financialadvisers.co.uk/financial-planning/lincoln/?pl_p=3&pl_m=40,Interalpha Financial Planning Limited,interalphafp.co.uk
https://financialadvisers.co.uk/financial-planning/lincoln/?pl_p=3&pl_m=40,The Glenfield Partnership Ltd,openwork.uk.com
https://financialadvisers.co.uk/financial-planning/lincoln/?pl_p=3&pl_m=40,Investment For Life Limited,investmentforlife.co.uk
https://financialadvisers.co.uk/financial-planning/lincoln/?pl_p=3&pl_m=40,Mark Smith Wealth Management Ltd,
https://financialadvisers.co.uk/financial-planning/lincoln/?pl_p=3&pl_m=40,Peniston Financial Ltd,penfs.co.uk
https://financialadvisers.co.uk/financial-planning/lincoln/?pl_p=3&pl_m=40,3R Financial Services Ltd,3rfinancialservices.com
https://financialadvisers.co.uk/financial-planning/lincoln/?pl_p=3&pl_m=40,Buck Wealth Management Limited,buckwealthmanagement.co.uk
https://financialadvisers.co.uk/financial-planning/lincoln/?pl_p=3&pl_m=40,Aerarium Financial Solutions Ltd,
https://financialadvisers.co.uk/financial-planning/lincoln/?pl_p=3&pl_m=40,P N Dales Ltd,pndales.co.uk
https://financialadvisers.co.uk/financial-planning/lincoln/?pl_p=3&pl_m=40,Fiducia Comprehensive Financial Planning Limited,fiduciagroup.co.uk
https://financialadvisers.co.uk/financial-planning/lincoln/?pl_p=3&pl_m=40,Barker Maule Limited,barkermaule.co.uk
https://financialadvisers.co.uk/financial-planning/lincoln/?pl_p=4&pl_m=40,Andy Roe Financial Services,
https://financialadvisers.co.uk/financial-planning/lincoln/?pl_p=4&pl_m=40,D B Wood Limited,dbwood.co.uk
https://financialadvisers.co.uk/financial-planning/lincoln/?pl_p=4&pl_m=40,Alexander Green & Partners Ltd,alexandergreenfs.co.uk
https://financialadvisers.co.uk/financial-planning/lincoln/?pl_p=4&pl_m=40,Leaf Financial Planning Limited,leafFP.com
https://financialadvisers.co.uk/financial-planning/lincoln/?pl_p=4&pl_m=40,Crossley Thompson Wealth Management Ltd,crossleythompson.co.uk
https://financialadvisers.co.uk/financial-planning/lincoln/?pl_p=4&pl_m=40,DHW Financial Services Ltd,dhwfs.co.uk
https://financialadvisers.co.uk/financial-planning/lincoln/?pl_p=4&pl_m=40,Mulberry House Wealth Management Ltd,2plan.com
https://financialadvisers.co.uk/financial-planning/lincoln/?pl_p=4&pl_m=40,Ace Financial Advisers Limited,aceadvisers.co.uk
https://financialadvisers.co.uk/financial-planning/lincoln/?pl_p=4&pl_m=40,Money Minder Financial Services (UK) Limited,money-minder.com
https://financialadvisers.co.uk/financial-planning/lincoln/?pl_p=4&pl_m=40,F H. Manning Financial Services Limited,fhmanning.co.uk
https://financialadvisers.co.uk/financial-planning/lincoln/?pl_p=4&pl_m=40,Jon Lawrence,partnership.sjp.co.uk/partner/jonlawrence
https://financialadvisers.co.uk/financial-planning/lincoln/?pl_p=4&pl_m=40,Independent Wealth Management Consultants Ltd,iwmcltd.co.uk
https://financialadvisers.co.uk/financial-planning/lincoln/?pl_p=4&pl_m=40,Nick Tattersall Financial Planning Ltd,flyingcolourslife.com
https://financialadvisers.co.uk/financial-planning/lincoln/?pl_p=4&pl_m=40,Independence Mortgage Network,
https://financialadvisers.co.uk/financial-planning/lincoln/?pl_p=4&pl_m=40,Stuart Davies Wealth Consultancy Ltd,stuartdavieswealthconsultancy.co.uk
https://financialadvisers.co.uk/financial-planning/lincoln/?pl_p=5&pl_m=40,UWM Wealth Management Limited,uwmwealth.co.uk
https://financialadvisers.co.uk/financial-planning/lincoln/?pl_p=5&pl_m=40,BWF Consultants Ltd,bwfconsultants.com
https://financialadvisers.co.uk/financial-planning/lincoln/?pl_p=5&pl_m=40,Stuart Burbidge,sburbidgewealthmanagement.co.uk
https://financialadvisers.co.uk/financial-planning/lincoln/?pl_p=5&pl_m=40,B&C Financial Planning Ltd,bcfp.org.uk
https://financialadvisers.co.uk/financial-planning/lincoln/?pl_p=5&pl_m=40,Sapphire Financial Management Ltd,
https://financialadvisers.co.uk/financial-planning/lincoln/?pl_p=5&pl_m=40,Sentry Financial Ltd,sentryfinancial.co.uk
https://financialadvisers.co.uk/financial-planning/lincoln/?pl_p=5&pl_m=40,Manor Bridge,
https://financialadvisers.co.uk/financial-planning/lincoln/?pl_p=5&pl_m=40,Sue Farr,farrfinancialplanning.co.uk
https://financialadvisers.co.uk/financial-planning/lincoln/?pl_p=5&pl_m=40,Tony Fenton & Sons Wealth Management Limited,fentonandsons.co.uk
https://financialadvisers.co.uk/financial-planning/lincoln/?pl_p=5&pl_m=40,Learmonth Wealth Management Ltd,learmonthwealthmanagement.com
https://financialadvisers.co.uk/financial-planning/lincoln/?pl_p=5&pl_m=40,Martyn Collett,collettfp.co.uk
https://financialadvisers.co.uk/financial-planning/lincoln/?pl_p=5&pl_m=40,Malcolm Aplin,
https://financialadvisers.co.uk/financial-planning/lincoln/?pl_p=5&pl_m=40,JM Financial Consultancy Limited,jmfinancialconsultancy.com
https://financialadvisers.co.uk/financial-planning/lincoln/?pl_p=5&pl_m=40,Adcock Financial Limited,adcockfinancial.co.uk
https://financialadvisers.co.uk/financial-planning/lincoln/?pl_p=5&pl_m=40,Richard Bowyer,twentytwowealth.co.uk
https://financialadvisers.co.uk/financial-planning/lincoln/?pl_p=6&pl_m=40,Financial Planning Associates LLP,fpa-advice.co.uk
https://financialadvisers.co.uk/financial-planning/lincoln/?pl_p=6&pl_m=40,Online Mortgages UK Ltd,kffinancial.co.uk
https://financialadvisers.co.uk/financial-planning/lincoln/?pl_p=6&pl_m=40,Cody Thomas Wealth Management Practitioners,partnership.sjp.co.ukcodythomas
https://financialadvisers.co.uk/financial-planning/lincoln/?pl_p=6&pl_m=40,Keith Hargraves,
https://financialadvisers.co.uk/financial-planning/lincoln/?pl_p=6&pl_m=40,RetireInvest Limited,retireinvest.co.uk
https://financialadvisers.co.uk/financial-planning/lincoln/?pl_p=6&pl_m=40,Castlegate Financial Management Limited,casfin.co.uk
https://financialadvisers.co.uk/financial-planning/lincoln/?pl_p=6&pl_m=40,Fifteen Financial Planning Ltd,fifteenfinancialplanning.co.uk
https://financialadvisers.co.uk/financial-planning/lincoln/?pl_p=6&pl_m=40,Christopher Millard,
https://financialadvisers.co.uk/financial-planning/lincoln/?pl_p=6&pl_m=40,BMA Bristol Ltd,mab.org.uk
https://financialadvisers.co.uk/financial-planning/lincoln/?pl_p=6&pl_m=40,Dale Murten,dalemurtenwealthmanagement.co.uk
https://financialadvisers.co.uk/financial-planning/lincoln/?pl_p=6&pl_m=40,Lincolnshire Independent Financial Advisers Ltd,lincolnshireifa.co.uk
https://financialadvisers.co.uk/financial-planning/lincoln/?pl_p=6&pl_m=40,Personalised Financial Planning Limited,mandgwealth.com/personalisedfinancialplanning
https://financialadvisers.co.uk/financial-planning/lincoln/?pl_p=6&pl_m=40,The Life & Pensions Network Ltd,lifeandpensionsnetwork.co.uk
https://financialadvisers.co.uk/financial-planning/lincoln/?pl_p=6&pl_m=40,Strata Financial Resourcing Ltd,stratafinancial.co.uk
https://financialadvisers.co.uk/financial-planning/lincoln/?pl_p=6&pl_m=40,Parks Wealth Management Limited,parkswm.co.uk
https://financialadvisers.co.uk/financial-planning/lincoln/?pl_p=7&pl_m=40,Michael John Rice,mjrfinancialservices.co.uk
https://financialadvisers.co.uk/financial-planning/lincoln/?pl_p=7&pl_m=40,Financial Strategies Limited,financialstrategies.co.uk
https://financialadvisers.co.uk/financial-planning/lincoln/?pl_p=7&pl_m=40,Florins Pensions & Investments Ltd,florins.co.uk
https://financialadvisers.co.uk/financial-planning/lincoln/?pl_p=7&pl_m=40,Evandths Financial Limited,evandthsfinancial.com
https://financialadvisers.co.uk/financial-planning/lincoln/?pl_p=7&pl_m=40,Adam Benton,adambentonwm.co.uk
https://financialadvisers.co.uk/financial-planning/lincoln/?pl_p=7&pl_m=40,SMH Wealth Associates Ltd,2plan.com
https://financialadvisers.co.uk/financial-planning/lincoln/?pl_p=7&pl_m=40,Mead Financial Planning Ltd,meadfinancial.co.uk
https://financialadvisers.co.uk/financial-planning/lincoln/?pl_p=7&pl_m=40,Frances Ford,majoroakwm.co.uk
https://financialadvisers.co.uk/financial-planning/lincoln/?pl_p=7&pl_m=40,Premier Financial Ltd,premierfinancialltd.co.uk
https://financialadvisers.co.uk/financial-planning/lincoln/?pl_p=7&pl_m=40,Novitas Wealth Management Ltd,novitaswealth.co.uk
https://financialadvisers.co.uk/financial-planning/lincoln/?pl_p=7&pl_m=40,Alexander Calder Financial Ltd,alexandercalder.co.uk
https://financialadvisers.co.uk/financial-planning/lincoln/?pl_p=7&pl_m=40,ACF Mortgages Limited,alexandercalder.co.uk
https://financialadvisers.co.uk/financial-planning/lincoln/?pl_p=7&pl_m=40,Jonathan Storr Financial Services Ltd,jonathanstorrwm.co.uk
https://financialadvisers.co.uk/financial-planning/lincoln/?pl_p=7&pl_m=40,Brackenbury (IFA) Limited,rjbfinance.co.uk
https://financialadvisers.co.uk/financial-planning/lincoln/?pl_p=7&pl_m=40,Northferry Wealth Management Ltd,northferrywmltd.co.uk
https://financialadvisers.co.uk/financial-planning/lincoln/?pl_p=8&pl_m=40,Mr Salvatore Antonino Panzera,ifsb.co.uk
https://financialadvisers.co.uk/financial-planning/lincoln/?pl_p=8&pl_m=40,RNS Financial Services Limited,rns-ifa.co.uk
https://financialadvisers.co.uk/financial-planning/lincoln/?pl_p=8&pl_m=40,Forge Financial Solutions Ltd,forgefinancial.co.uk
https://financialadvisers.co.uk/financial-planning/lincoln/?pl_p=8&pl_m=40,Barry Fenton Independent Financial Advisers Ltd,barryfentonifa.co.uk
https://financialadvisers.co.uk/financial-planning/lincoln/?pl_p=8&pl_m=40,Park View Financial Services Limited,parkviewfs.com
https://financialadvisers.co.uk/financial-planning/lincoln/?pl_p=8&pl_m=40,Peter Jackson,
https://financialadvisers.co.uk/financial-planning/lincoln/?pl_p=8&pl_m=40,SRM Financial Planning Ltd,srmfinancial.co.uk
https://financialadvisers.co.uk/financial-planning/lincoln/?pl_p=8&pl_m=40,KMO Financial Consultancy Limited,sjp.co.uk
https://financialadvisers.co.uk/financial-planning/lincoln/?pl_p=8&pl_m=40,Medical Wealthcare Planning Limited,medicalwealthcare.co.uk
https://financialadvisers.co.uk/financial-planning/lincoln/?pl_p=8&pl_m=40,TTRL FINANCIAL PLANNING LTD,mandgwealth.com/ttrlfinancialplanning
https://financialadvisers.co.uk/financial-planning/lincoln/?pl_p=8&pl_m=40,Barkestone Associates (Wealth Management) Limited,barkestoneassociates.com
https://financialadvisers.co.uk/financial-planning/lincoln/?pl_p=8&pl_m=40,Thatcher Financial Planning Limited,nelsonslaw.co.uk
https://financialadvisers.co.uk/financial-planning/lincoln/?pl_p=8&pl_m=40,Investment & Retirement Solutions Ltd,investretire.co.uk
https://financialadvisers.co.uk/financial-planning/lincoln/?pl_p=8&pl_m=40,Hall-Ward IFA Ltd,hallwardifa.co.uk
https://financialadvisers.co.uk/financial-planning/lincoln/?pl_p=8&pl_m=40,Veritas Wealth & Financial Solutions Ltd,veritaswealth.co.uk
https://financialadvisers.co.uk/financial-planning/lincoln/?pl_p=9&pl_m=40,Rachel Bayliss,partnership.sjp.co.uk/partner/rachelbayliss
https://financialadvisers.co.uk/financial-planning/lincoln/?pl_p=9&pl_m=40,Woodruff Hill Wealth Management Limited,woodruffhill.co.uk
https://financialadvisers.co.uk/financial-planning/lincoln/?pl_p=9&pl_m=40,MSM Independent Financial Services Limited,msmindependent.co.uk
https://financialadvisers.co.uk/financial-planning/lincoln/?pl_p=9&pl_m=40,Aspirion Wealth Ltd,aspirionwealth.co.uk
https://financialadvisers.co.uk/financial-planning/lincoln/?pl_p=9&pl_m=40,Chapter Wealth Management Ltd,chapterwealth.com
https://financialadvisers.co.uk/financial-planning/lincoln/?pl_p=9&pl_m=40,Vulcan Financial Services Ltd,darranjackson.2plan.com
https://financialadvisers.co.uk/financial-planning/lincoln/?pl_p=9&pl_m=40,Beaufort Financial Planning (Nottingham) Ltd,beaufortfinancial.co.uk/nottingham
https://financialadvisers.co.uk/financial-planning/lincoln/?pl_p=9&pl_m=40,JWA Wealth Management,partnership.sjp.co.ukpartnerjwawealthmanagement
https://financialadvisers.co.uk/financial-planning/lincoln/?pl_p=9&pl_m=40,Kin Lifetime Planning Limited,lpfinancial.co.uk
https://financialadvisers.co.uk/financial-planning/lincoln/?pl_p=9&pl_m=40,Terry King Financial Services Limited,terrykingfs.co.uk
https://financialadvisers.co.uk/financial-planning/lincoln/?pl_p=9&pl_m=40,Cornerstone Wealth Planning Limited,2plan.com
https://financialadvisers.co.uk/financial-planning/lincoln/?pl_p=9&pl_m=40,TNS Financial Services Limited,tnsfinancial.co.uk
https://financialadvisers.co.uk/financial-planning/lincoln/?pl_p=9&pl_m=40,First Capital Independent Financial Advisers Limited,firstcapitalifa.co.uk
https://financialadvisers.co.uk/financial-planning/lincoln/?pl_p=9&pl_m=40,Individual Financial Solutions Limited,ifswealth.co.uk
https://financialadvisers.co.uk/financial-planning/lincoln/?pl_p=9&pl_m=40,Chris Churm,
https://financialadvisers.co.uk/financial-planning/lincoln/?pl_p=10&pl_m=40,JDL Wealth Management Limited,jdlwealth.co.uk
https://financialadvisers.co.uk/financial-planning/lincoln/?pl_p=10&pl_m=40,Park Hall Financial Services Limited,parkhall.co.uk
https://financialadvisers.co.uk/financial-planning/lincoln/?pl_p=10&pl_m=40,Shacklocks LLP,shacklocks.co.uk
https://financialadvisers.co.uk/financial-planning/lincoln/?pl_p=10&pl_m=40,BEST Wealth Management Ltd,nscfp.co.uk
https://financialadvisers.co.uk/financial-planning/lincoln/?pl_p=10&pl_m=40,David Jones,davidjoneswealthmanagement.co.uk
https://financialadvisers.co.uk/financial-planning/lincoln/?pl_p=10&pl_m=40,Yellow Financial Services Ltd,yellowfinancial.co.uk
https://financialadvisers.co.uk/financial-planning/lincoln/?pl_p=10&pl_m=40,Martyn Quantick,quantickfinancialservices.com
https://financialadvisers.co.uk/financial-planning/lincoln/?pl_p=10&pl_m=40,Fox Heritage Financial Services Limited,foxheritage.co.uk
https://financialadvisers.co.uk/financial-planning/lincoln/?pl_p=10&pl_m=40,CWM Wealth Management Limited,collinswm.co.uk
https://financialadvisers.co.uk/financial-planning/lincoln/?pl_p=10&pl_m=40,Cowens Employee Benefits Ltd,cowensgroup.co.uk/business/employee-benefits
https://financialadvisers.co.uk/financial-planning/lincoln/?pl_p=10&pl_m=40,R.A. Cowen & Partners (Financial Services) Limited,cowensgroup.co.uk/personal
https://financialadvisers.co.uk/financial-planning/lincoln/?pl_p=10&pl_m=40,Cowens Mortgage Solutions Limited,cowensgroup.co.uk
https://financialadvisers.co.uk/financial-planning/lincoln/?pl_p=10&pl_m=40,Mathew Burrows Financial Planning Limited,
https://financialadvisers.co.uk/financial-planning/lincoln/?pl_p=10&pl_m=40,Plan2 Holdings Ltd,plan-to-retire.co.uk
https://financialadvisers.co.uk/financial-planning/lincoln/?pl_p=10&pl_m=40,Summercourt Wealth Management,mandgwealth.com/summercourtwealthmanagement
https://financialadvisers.co.uk/financial-planning/lincoln/?pl_p=11&pl_m=40,Susan Pickering,suepickeringwealth.co.uk
https://financialadvisers.co.uk/financial-planning/lincoln/?pl_p=11&pl_m=40,Astra Wealth Limited,
https://financialadvisers.co.uk/financial-planning/lincoln/?pl_p=11&pl_m=40,Rockingham Financial Services Ltd,rockinghamfs.com
https://financialadvisers.co.uk/financial-planning/lincoln/?pl_p=11&pl_m=40,Wadsworth Wealth Management Ltd,jwfinancialadvice.co.uk
https://financialadvisers.co.uk/financial-planning/lincoln/?pl_p=11&pl_m=40,M D Slack Wealth Management Ltd,mdslackwealthmanagement.co.uk
https://financialadvisers.co.uk/financial-planning/lincoln/?pl_p=11&pl_m=40,Aspen Financial Strategies Limited,aspen-fs.co.uk
https://financialadvisers.co.uk/financial-planning/lincoln/?pl_p=11&pl_m=40,John Paul Duckworth,paul-duckworth.co.uk
https://financialadvisers.co.uk/financial-planning/lincoln/?pl_p=11&pl_m=40,Simon Gibbons,preferentialwealth.com
https://financialadvisers.co.uk/financial-planning/lincoln/?pl_p=11&pl_m=40,Carlton Financial Solutions,ifsols.co.uk
https://financialadvisers.co.uk/financial-planning/lincoln/?pl_p=11&pl_m=40,MAP Independent Financial Services Limited,mapifs.co.uk
https://financialadvisers.co.uk/financial-planning/lincoln/?pl_p=11&pl_m=40,Millbank Financial Solutions Limited,millbankfs.co.uk
https://financialadvisers.co.uk/financial-planning/lincoln/?pl_p=11&pl_m=40,Sherwood Corporate Solutions Ltd,sherwoodsolutions.com
https://financialadvisers.co.uk/financial-planning/lincoln/?pl_p=11&pl_m=40,JD Wealth Management Ltd,jdwealthmanagement.co.uk
https://financialadvisers.co.uk/financial-planning/lincoln/?pl_p=11&pl_m=40,Evolve Wealth Limited,evolvewealth.co.uk
https://financialadvisers.co.uk/financial-planning/lincoln/?pl_p=11&pl_m=40,Forest Oak Financial Planning Ltd,forest-oak.co.uk
https://financialadvisers.co.uk/financial-planning/lincoln/?pl_p=12&pl_m=40,Tim Gow Wealth Management Limited,sjpp.co.uk/timgow
https://financialadvisers.co.uk/financial-planning/lincoln/?pl_p=12&pl_m=40,FB Wealth Management Ltd,fbwealth.co.uk
https://financialadvisers.co.uk/financial-planning/lincoln/?pl_p=12&pl_m=40,Paul Horton Financial Solutions Limited,ph-fs.co.uk
https://financialadvisers.co.uk/financial-planning/lincoln/?pl_p=12&pl_m=40,Jenkins Financial Advisers Limited,jenkinsfinancial.co.uk
https://financialadvisers.co.uk/financial-planning/lincoln/?pl_p=12&pl_m=40,Craig Wheeler Wealth Limited,onekc.co.uk
https://financialadvisers.co.uk/financial-planning/lincoln/?pl_p=12&pl_m=40,Roger Graham Sheppard,sheppardfs.co.uk
https://financialadvisers.co.uk/financial-planning/lincoln/?pl_p=12&pl_m=40,Paul Jones,integral-ifa.co.uk
https://financialadvisers.co.uk/financial-planning/lincoln/?pl_p=12&pl_m=40,HQN Financial Management Limited,hqnfm.co.uk
https://financialadvisers.co.uk/financial-planning/lincoln/?pl_p=12&pl_m=40,T. Hill Associates Ltd,partnership.sjp.co.uk/partner/ftalk
https://financialadvisers.co.uk/financial-planning/lincoln/?pl_p=12&pl_m=40,Derek Jordan,sjpp.co.uk/derekjordan
https://financialadvisers.co.uk/financial-planning/lincoln/?pl_p=12&pl_m=40,SJC WEALTH MANAGEMENT LIMITED,sjcwealthmanagement.co.uk
https://financialadvisers.co.uk/financial-planning/lincoln/?pl_p=12&pl_m=40,Casterdon Financial Planning Ltd,sjpp.co.ukmichaelsavage
https://financialadvisers.co.uk/financial-planning/lincoln/?pl_p=12&pl_m=40,Perspective (North) Limited,pfgl.co.uk/north
https://financialadvisers.co.uk/financial-planning/lincoln/?pl_p=12&pl_m=40,Hall Financial Strategies Ltd,hallfinancialstrategies.co.uk
https://financialadvisers.co.uk/financial-planning/lincoln/?pl_p=12&pl_m=40,Veracity Financial Planning Ltd,veracityfp.co.uk
https://financialadvisers.co.uk/financial-planning/lincoln/?pl_p=13&pl_m=40,Purple Wealth Ltd,purplewm.com
https://financialadvisers.co.uk/financial-planning/lincoln/?pl_p=13&pl_m=40,JDW Associates Ltd.,jdwassociates.co.uk
https://financialadvisers.co.uk/financial-planning/lincoln/?pl_p=13&pl_m=40,Simon Russell,
https://financialadvisers.co.uk/financial-planning/lincoln/?pl_p=13&pl_m=40,Liam Cotterill,partnership.sjp.co.uk/partner/liamcotterill
https://financialadvisers.co.uk/financial-planning/lincoln/?pl_p=13&pl_m=40,Portland Square Independent Financial Advice Ltd,portlandsquareifa.co.uk
https://financialadvisers.co.uk/financial-planning/lincoln/?pl_p=13&pl_m=40,PR Mortgage Solutions Limited,PRMortgageSolutions.com
https://financialadvisers.co.uk/financial-planning/lincoln/?pl_p=13&pl_m=40,The SE7EN Group Ltd,se7en.me.uk
https://financialadvisers.co.uk/financial-planning/lincoln/?pl_p=13&pl_m=40,Brightpath Wealth Ltd,2plan.com
https://financialadvisers.co.uk/financial-planning/lincoln/?pl_p=13&pl_m=40,Pense Limited,pense.co.uk
https://financialadvisers.co.uk/financial-planning/lincoln/?pl_p=13&pl_m=40,Abbey House Mortgages Ltd,abbeyhousemortgages.co.uk
https://financialadvisers.co.uk/financial-planning/lincoln/?pl_p=13&pl_m=40,Allenby & Todd Ltd,financialadvisersgrimsby.co.uk
https://financialadvisers.co.uk/financial-planning/lincoln/?pl_p=13&pl_m=40,Alpha Independent Financial Solutions Limited,alphaifs.uk.com
https://financialadvisers.co.uk/financial-planning/lincoln/?pl_p=13&pl_m=40,Ideal Financial Management Limited,idealfinancialmanagement.co.uk
https://financialadvisers.co.uk/financial-planning/lincoln/?pl_p=13&pl_m=40,Hampshire Hill Group Limited,hampshirehill.co.uk
https://financialadvisers.co.uk/financial-planning/lincoln/?pl_p=13&pl_m=40,Discover Financial Ltd,discover-financial.co.uk
https://financialadvisers.co.uk/financial-planning/lincoln/?pl_p=14&pl_m=40,Keystone Financial Ltd,keystoneltd.co.uk
https://financialadvisers.co.uk/financial-planning/lincoln/?pl_p=14&pl_m=40,Killimore Financial Management Limited,killimore.co.uk
https://financialadvisers.co.uk/financial-planning/lincoln/?pl_p=14&pl_m=40,Watchorn Financial Services Ltd,watchornfs.co.uk
https://financialadvisers.co.uk/financial-planning/lincoln/?pl_p=14&pl_m=40,Ian Blessed & Co Independent Financial Consultants Ltd,ianblessed.co.uk
https://financialadvisers.co.uk/financial-planning/lincoln/?pl_p=14&pl_m=40,Shaun Cousins Wealth Management Ltd,partnership.sjp.co.ukpartnershauncousins
https://financialadvisers.co.uk/financial-planning/lincoln/?pl_p=14&pl_m=40,V-Financial Ltd,v-financial.co.uk
https://financialadvisers.co.uk/financial-planning/lincoln/?pl_p=14&pl_m=40,Moss Mortgages Ltd,mossmortgages.co.uk
https://financialadvisers.co.uk/financial-planning/lincoln/?pl_p=14&pl_m=40,Woodall Wealth Management Ltd,
https://financialadvisers.co.uk/financial-planning/lincoln/?pl_p=14&pl_m=40,Richard Walker,partnership.sjp.co.ukpartnerrichardwalker
https://financialadvisers.co.uk/financial-planning/lincoln/?pl_p=14&pl_m=40,ISM Wealth Planning LLP,ism-advice.co.uk
https://financialadvisers.co.uk/financial-planning/lincoln/?pl_p=14&pl_m=40,C. Alexander Financial Planning Ltd,calexander.co.uk
https://financialadvisers.co.uk/financial-planning/lincoln/?pl_p=14&pl_m=40,Distinct Financial Management Ltd,distinctfinancial.co.uk
https://financialadvisers.co.uk/financial-planning/lincoln/?pl_p=14&pl_m=40,Harvest Associates Ltd,harvestassociates.co.uk
https://financialadvisers.co.uk/financial-planning/lincoln/?pl_p=14&pl_m=40,S&M Mortgages & Investments Ltd,sjpp.co.uk/stephenmarr
https://financialadvisers.co.uk/financial-planning/lincoln/?pl_p=14&pl_m=40,Joseph John McKenna,clearfinance.net
https://financialadvisers.co.uk/financial-planning/lincoln/?pl_p=15&pl_m=40,Foxbridge Independent Financial Solutions Limited,foxbridgeifs.co.uk
https://financialadvisers.co.uk/financial-planning/lincoln/?pl_p=15&pl_m=40,Dobson & Hodge Limited,dobsonandhodge.co.uk
https://financialadvisers.co.uk/financial-planning/lincoln/?pl_p=15&pl_m=40,Beck Financial Planning Ltd,sjpp.co.uk/beckfinancialplanning
https://financialadvisers.co.uk/financial-planning/lincoln/?pl_p=15&pl_m=40,Tenet & You Limited,mypensionexpert.com
https://financialadvisers.co.uk/financial-planning/lincoln/?pl_p=15&pl_m=40,My Pension Expert Limited,mypensionexpert.com
https://financialadvisers.co.uk/financial-planning/lincoln/?pl_p=15&pl_m=40,RWB Wealth Management Limited,rwbwealth.com
https://financialadvisers.co.uk/financial-planning/lincoln/?pl_p=15&pl_m=40,Page Kirk Financial Services LLP,pkfs.co.uk
https://financialadvisers.co.uk/financial-planning/lincoln/?pl_p=15&pl_m=40,Ravenshead Independent Financial Services Limited,ravensheadifs.co.uk
https://financialadvisers.co.uk/financial-planning/lincoln/?pl_p=15&pl_m=40,Joanna Toon Wealth Management Ltd,joannatoon.co.uk
https://financialadvisers.co.uk/financial-planning/lincoln/?pl_p=15&pl_m=40,Henson Aslam Financial Management LLP,hensonaslam.co.uk
https://financialadvisers.co.uk/financial-planning/lincoln/?pl_p=15&pl_m=40,Investment Sense Ltd,investmentsense.co.uk
https://financialadvisers.co.uk/financial-planning/lincoln/?pl_p=15&pl_m=40,George Square Financial Management Ltd,george-square.co.uk
https://financialadvisers.co.uk/financial-planning/lincoln/?pl_p=15&pl_m=40,Taylor McGill Financial Services Ltd,taylormcgillfs.co.uk
https://financialadvisers.co.uk/financial-planning/lincoln/?pl_p=15&pl_m=40,Mark Fraser,sjpp.co.uk/markfraser
https://financialadvisers.co.uk/financial-planning/lincoln/?pl_p=15&pl_m=40,Bradstock Bourne Limited,bradstockbourne.co.uk
https://financialadvisers.co.uk/financial-planning/lincoln/?pl_p=16&pl_m=40,TJM Financial Solutions Ltd,mooremortgagesolutions.co.uk
https://financialadvisers.co.uk/financial-planning/lincoln/?pl_p=16&pl_m=40,Vanguard Mortgage Solutions Ltd,vanguardmortgagesolutions.co.uk
https://financialadvisers.co.uk/financial-planning/lincoln/?pl_p=16&pl_m=40,Harold Wilson Financial Services Limited,wilorg.com
https://financialadvisers.co.uk/financial-planning/lincoln/?pl_p=16&pl_m=40,David Burnell Financial Services Ltd,davidburnell.co.uk
https://financialadvisers.co.uk/financial-planning/lincoln/?pl_p=16&pl_m=40,Fraser Backhouse LLP,fraserbackhouse.co.uk
https://financialadvisers.co.uk/financial-planning/lincoln/?pl_p=16&pl_m=40,Sterling Financial Services Limited,sterlingfs.co.uk
https://financialadvisers.co.uk/financial-planning/lincoln/?pl_p=16&pl_m=40,Gary Buckley,buckleyroseconsulting.co.uk
https://financialadvisers.co.uk/financial-planning/lincoln/?pl_p=16&pl_m=40,Nelsons Solicitors Limited,nelsonslaw.co.uk
https://financialadvisers.co.uk/financial-planning/lincoln/?pl_p=16&pl_m=40,WREN STERLING FINANCIAL PLANNING LIMITED,wrensterling.com
https://financialadvisers.co.uk/financial-planning/lincoln/?pl_p=16&pl_m=40,Campbell Cain Wealth Management Ltd,campbellcainwm.co.uk
https://financialadvisers.co.uk/financial-planning/lincoln/?pl_p=16&pl_m=40,Temple 90 Limited,temple90.co.uk
https://financialadvisers.co.uk/financial-planning/lincoln/?pl_p=16&pl_m=40,OCS Financial Planning Ltd,ocsfinancialplanning.co.uk
https://financialadvisers.co.uk/financial-planning/lincoln/?pl_p=16&pl_m=40,Rogers Wealth Management Ltd,rogerswealthmanagement.co.uk
https://financialadvisers.co.uk/financial-planning/lincoln/?pl_p=16&pl_m=40,Stephen Eve Financial Planning Ltd,stephenevefinancial.com
https://financialadvisers.co.uk/financial-planning/lincoln/?pl_p=16&pl_m=40,Principal Financial Services (Nottingham) Limited,principal-fs.co.uk
https://financialadvisers.co.uk/financial-planning/lincoln/?pl_p=17&pl_m=40,Cockburn Lucas Independent Financial Consulting Limited,cockburnlucas.co.uk
https://financialadvisers.co.uk/financial-planning/lincoln/?pl_p=17&pl_m=40,Danum Financial Services Limited,danumfs.com
https://financialadvisers.co.uk/financial-planning/lincoln/?pl_p=17&pl_m=40,Castlegate Capital Limited,castlegatecapital.co.uk
https://financialadvisers.co.uk/financial-planning/lincoln/?pl_p=17&pl_m=40,UHY Financial Planning Limited,uhy-uk.com
https://financialadvisers.co.uk/financial-planning/lincoln/?pl_p=17&pl_m=40,Castle Rock Financial Planning Ltd,castlerockfp.co.uk
https://financialadvisers.co.uk/financial-planning/lincoln/?pl_p=17&pl_m=40,Fiscal Engineers Limited,fiscalengineers.com
https://financialadvisers.co.uk/financial-planning/lincoln/?pl_p=17&pl_m=40,Carter Legrand Wealth Strategies Limited,carterlegrand.co.uk
https://financialadvisers.co.uk/financial-planning/lincoln/?pl_p=17&pl_m=40,Balance: Wealth Planning Limited,balancewealth.uk
https://financialadvisers.co.uk/financial-planning/lincoln/?pl_p=17&pl_m=40,Zenith Financial Planning Limited,zenithfinancial.co.uk
https://financialadvisers.co.uk/financial-planning/lincoln/?pl_p=17&pl_m=40,UKIFA Limited,uk-ifa.com
https://financialadvisers.co.uk/financial-planning/lincoln/?pl_p=17&pl_m=40,Christopher Dorkes,chrisdorkes.co.uk
https://financialadvisers.co.uk/financial-planning/lincoln/?pl_p=17&pl_m=40,Van der Meulen Associates Limited,vdmassociates.co.uk
https://financialadvisers.co.uk/financial-planning/lincoln/?pl_p=17&pl_m=40,Proactive Wealth Planning Ltd,
https://financialadvisers.co.uk/financial-planning/lincoln/?pl_p=17&pl_m=40,AEON Financial Services Ltd,aeon-ifa.co.uk
https://financialadvisers.co.uk/financial-planning/lincoln/?pl_p=17&pl_m=40,AKR Wealth Management Ltd,akrwealth.co.uk
https://financialadvisers.co.uk/financial-planning/lincoln/?pl_p=18&pl_m=40,Ecclesall Wealth Management Ltd,redmayne.co.uk
https://financialadvisers.co.uk/financial-planning/lincoln/?pl_p=18&pl_m=40,Peter Simons,petersimonsfinancialservices.co.uk
https://financialadvisers.co.uk/financial-planning/lincoln/?pl_p=18&pl_m=40,Helen Wright,helenwrightwealthmanagement.co.uk
https://financialadvisers.co.uk/financial-planning/lincoln/?pl_p=18&pl_m=40,Future Life Wealth Management Limited,wealthmanagement.uk.com
https://financialadvisers.co.uk/financial-planning/lincoln/?pl_p=18&pl_m=40,IFA. 1 Ltd,ifa1ltd.co.uk
https://financialadvisers.co.uk/financial-planning/lincoln/?pl_p=18&pl_m=40,Riverglen Financial Associates Ltd,riverglenifa.co.uk
https://financialadvisers.co.uk/financial-planning/lincoln/?pl_p=18&pl_m=40,Dwight Morrey Wealth Management Ltd,chrismorrey.co.uk
https://financialadvisers.co.uk/financial-planning/lincoln/?pl_p=18&pl_m=40,Ryley Wealth  Management Ltd,ryleywm.co.uk
https://financialadvisers.co.uk/financial-planning/lincoln/?pl_p=18&pl_m=40,Woodwards Financial Planning Limited,woodwardsfp.co.uk
https://financialadvisers.co.uk/financial-planning/lincoln/?pl_p=18&pl_m=40,Jackson Financial Services Limited,jacksoninsurance.co.uk
https://financialadvisers.co.uk/financial-planning/lincoln/?pl_p=18&pl_m=40,Concept Financial Solutions Limited,conceptfinancialsolutions.co.uk
https://financialadvisers.co.uk/financial-planning/lincoln/?pl_p=18&pl_m=40,West Bridgford Wealth Management Ltd,westbridgfordwm.co.uk
https://financialadvisers.co.uk/financial-planning/lincoln/?pl_p=18&pl_m=40,Minshall Financial Services Ltd,minshallfinancialservices.co.uk
https://financialadvisers.co.uk/financial-planning/lincoln/?pl_p=18&pl_m=40,Ten Wealth Management Limited,tenwealth.co.uk
https://financialadvisers.co.uk/financial-planning/lincoln/?pl_p=18&pl_m=40,TBMP Ltd,
https://financialadvisers.co.uk/financial-planning/lincoln/?pl_p=19&pl_m=40,Paul Silcock,paulsilcockwealthmanagement.co.uk
https://financialadvisers.co.uk/financial-planning/lincoln/?pl_p=19&pl_m=40,Lee C Dowdall Wealth Management Ltd,leedowdall.com
https://financialadvisers.co.uk/financial-planning/lincoln/?pl_p=19&pl_m=40,Sparham Wealth Management,phillipsparham.co.uk
https://financialadvisers.co.uk/financial-planning/lincoln/?pl_p=19&pl_m=40,Reanu Vasdev,krfinancialplanning.co.uk
https://financialadvisers.co.uk/financial-planning/lincoln/?pl_p=19&pl_m=40,Ward Wealth Management Ltd,wardwealthmanagement.co.uk
https://financialadvisers.co.uk/financial-planning/lincoln/?pl_p=19&pl_m=40,Tom Mangan,manganfp.co.uk
https://financialadvisers.co.uk/financial-planning/lincoln/?pl_p=19&pl_m=40,Cedar Financial Planning Ltd,cedarfp.co.uk
https://financialadvisers.co.uk/financial-planning/lincoln/?pl_p=19&pl_m=40,Newbridge Limited,dmcfp.co.uk
https://financialadvisers.co.uk/financial-planning/lincoln/?pl_p=19&pl_m=40,Simon Farebrother,farebrotherassociates.co.uk
https://financialadvisers.co.uk/financial-planning/lincoln/?pl_p=19&pl_m=40,Adrian Wright,buttercrossfp.co.uk
https://financialadvisers.co.uk/financial-planning/lincoln/?pl_p=19&pl_m=40,Liz Robinson Wealth Management Limited,sjpp.co.uk/lizrobinson
https://financialadvisers.co.uk/financial-planning/lincoln/?pl_p=19&pl_m=40,Daniel Parkes,parkesassociates.co.uk
https://financialadvisers.co.uk/financial-planning/lincoln/?pl_p=19&pl_m=40,Raj Mulji,srmfs.co.uk/partner
https://financialadvisers.co.uk/financial-planning/lincoln/?pl_p=19&pl_m=40,Giles Wealth Planning Ltd,gileswealthplanning.co.uk
https://financialadvisers.co.uk/financial-planning/lincoln/?pl_p=19&pl_m=40,Neptune Capital Management Limited,neptunecap.co.uk
https://financialadvisers.co.uk/financial-planning/lincoln/?pl_p=20&pl_m=40,CLM Financial Planning Ltd,
https://financialadvisers.co.uk/financial-planning/lincoln/?pl_p=20&pl_m=40,Inspired Financial Solutions Limited,inspiredfs.co.uk
https://financialadvisers.co.uk/financial-planning/lincoln/?pl_p=20&pl_m=40,Kevin Chalk,provest.co.uk
https://financialadvisers.co.uk/financial-planning/lincoln/?pl_p=20&pl_m=40,Alan Robinson,
https://financialadvisers.co.uk/financial-planning/lincoln/?pl_p=20&pl_m=40,D & A Investments Partnership Limited,dna.investments
https://financialadvisers.co.uk/financial-planning/lincoln/?pl_p=20&pl_m=40,DHFS Davies Harris Financial Services Limited,
https://financialadvisers.co.uk/financial-planning/lincoln/?pl_p=20&pl_m=40,Warren & Warren,warrenifa.com
https://financialadvisers.co.uk/financial-planning/lincoln/?pl_p=20&pl_m=40,Mark Cromack,
https://financialadvisers.co.uk/financial-planning/lincoln/?pl_p=20&pl_m=40,Prosperitas Wealth Planning Ltd,prosperitasltd.co.uk
https://financialadvisers.co.uk/financial-planning/lincoln/?pl_p=20&pl_m=40,YOUR Y LTD,cheethamjackson.com
https://financialadvisers.co.uk/financial-planning/lincoln/?pl_p=20&pl_m=40,James Trueman,partnership.sjp.co.uk/partner/truemanwm
https://financialadvisers.co.uk/financial-planning/lincoln/?pl_p=20&pl_m=40,The Informed Partnership Limited,informedfinancialplanning.co.uk
https://financialadvisers.co.uk/financial-planning/lincoln/?pl_p=20&pl_m=40,Yorkshire Financial Planning Ltd,yorkshirefinancialplanning.co.uk
https://financialadvisers.co.uk/financial-planning/lincoln/?pl_p=20&pl_m=40,OSL Financial Consultancy Limited,mortgagekey.co.uk
https://financialadvisers.co.uk/financial-planning/lincoln/?pl_p=20&pl_m=40,Oyster Wealth Planning Limited,oysterwealthplanning.com
https://financialadvisers.co.uk/financial-planning/lincoln/?pl_p=21&pl_m=40,Jenkinson Wealth Management Ltd,partnership.sjp.co.uk/partner/jenkinsonwealth
https://financialadvisers.co.uk/financial-planning/lincoln/?pl_p=21&pl_m=40,Gary Smithies Wealth Management Ltd,garysmithies.2plan.com
https://financialadvisers.co.uk/financial-planning/lincoln/?pl_p=21&pl_m=40,Swallow Financial Management LLP,
https://financialadvisers.co.uk/financial-planning/lincoln/?pl_p=21&pl_m=40,B2 Wealth Ltd,b2-wealth.co.uk
https://financialadvisers.co.uk/financial-planning/lincoln/?pl_p=21&pl_m=40,Stephenson Johnson Financial Planning Limited,sjfp.co.uk
https://financialadvisers.co.uk/financial-planning/lincoln/?pl_p=21&pl_m=40,Red IFA (Nottingham) Limited,redifa.co.uk
https://financialadvisers.co.uk/financial-planning/lincoln/?pl_p=21&pl_m=40,Montel Investments Limited,montelinvestments.co.uk
https://financialadvisers.co.uk/financial-planning/lincoln/?pl_p=21&pl_m=40,MerrixGrogan LLP,merrixgrogan.com
https://financialadvisers.co.uk/financial-planning/lincoln/?pl_p=21&pl_m=40,David Rickards,rickardsfinancialplanning.com
https://financialadvisers.co.uk/financial-planning/lincoln/?pl_p=21&pl_m=40,Charles Dean Limited,charlesdeanuk.com
https://financialadvisers.co.uk/financial-planning/lincoln/?pl_p=21&pl_m=40,Russell Steels,
https://financialadvisers.co.uk/financial-planning/lincoln/?pl_p=21&pl_m=40,NGC Wealth Management Limited,ngcwealthmanagement.com
https://financialadvisers.co.uk/financial-planning/lincoln/?pl_p=21&pl_m=40,Justin Heaton Limited,
https://financialadvisers.co.uk/financial-planning/lincoln/?pl_p=21&pl_m=40,Winters Wealth Management Ltd,partnership.sjp.co.uk/partner/russellwinters
https://financialadvisers.co.uk/financial-planning/lincoln/?pl_p=21&pl_m=40,MKT Wealth Management Ltd,mktwealthmanagement.co.uk
https://financialadvisers.co.uk/financial-planning/lincoln/?pl_p=22&pl_m=40,Throgmorton Wealth Management Ltd,throgmortonwm.co.uk
https://financialadvisers.co.uk/financial-planning/lincoln/?pl_p=22&pl_m=40,Holmes Investments Ltd,holmesinvest.co.uk
https://financialadvisers.co.uk/financial-planning/lincoln/?pl_p=22&pl_m=40,Honeycroft Wealth Management Limited,honeycroftwm.co.uk/
https://financialadvisers.co.uk/financial-planning/lincoln/?pl_p=22&pl_m=40,Steve Cant & Associates Limited,stevecant.co.uk
https://financialadvisers.co.uk/financial-planning/lincoln/?pl_p=22&pl_m=40,Humba Financial Ltd,humba.co.uk
https://financialadvisers.co.uk/financial-planning/lincoln/?pl_p=22&pl_m=40,Red Circle Financial Planning Limited,redcirclefp.co.uk
https://financialadvisers.co.uk/financial-planning/lincoln/?pl_p=22&pl_m=40,Oak Financial Solutions Ltd,oakfsltd.co.uk
https://financialadvisers.co.uk/financial-planning/lincoln/?pl_p=22&pl_m=40,Steele Wealth Management,steelewealthmanagement.co.uk
https://financialadvisers.co.uk/financial-planning/lincoln/?pl_p=22&pl_m=40,Julian Oates,oatesfp.co.uk
https://financialadvisers.co.uk/financial-planning/lincoln/?pl_p=22&pl_m=40,Riverfall Financial Ltd,riverfall-financial.co.uk
https://financialadvisers.co.uk/financial-planning/lincoln/?pl_p=22&pl_m=40,Sense Financial Solutions Limited,itmakessense.net
https://financialadvisers.co.uk/financial-planning/lincoln/?pl_p=22&pl_m=40,BlakeBrooke Financial Advice Limited,blakebrooke.co.uk
https://financialadvisers.co.uk/financial-planning/lincoln/?pl_p=22&pl_m=40,Mark Tennant,harveyspencer.co.uk
https://financialadvisers.co.uk/financial-planning/lincoln/?pl_p=22&pl_m=40,NJ Holmes Wealth Management,njholmeswealth.co.uk
https://financialadvisers.co.uk/financial-planning/lincoln/?pl_p=22&pl_m=40,Christopher Philip Cannell,cannell-associates.co.uk
https://financialadvisers.co.uk/financial-planning/lincoln/?pl_p=23&pl_m=40,Goal Financial Planning Limited,goalfinancialplanning.co.uk
https://financialadvisers.co.uk/financial-planning/lincoln/?pl_p=23&pl_m=40,Andrew Rogers Wealth Management Ltd,andrewrogerswm.co.uk
https://financialadvisers.co.uk/financial-planning/lincoln/?pl_p=23&pl_m=40,Invictus IFA Limited,invictusifa.co.uk
https://financialadvisers.co.uk/financial-planning/lincoln/?pl_p=23&pl_m=40,Blue Spire Independent Financial Advice Limited,blue-spire.com
https://financialadvisers.co.uk/financial-planning/lincoln/?pl_p=23&pl_m=40,Bulley Davey Wealth Management Limited,bulleydaveywm.co.uk
https://financialadvisers.co.uk/financial-planning/lincoln/?pl_p=23&pl_m=40,Lee Shearwood,shearwoodfinancialmanagement.co.uk
https://financialadvisers.co.uk/financial-planning/lincoln/?pl_p=23&pl_m=40,Lorraine Coaton,lorrainecoaton.co.uk
https://financialadvisers.co.uk/financial-planning/lincoln/?pl_p=23&pl_m=40,Absolute Financial Services LLP,absolutefs.co.uk
https://financialadvisers.co.uk/financial-planning/lincoln/?pl_p=23&pl_m=40,Townends Wealth Management Limited,townendswealth.co.uk
https://financialadvisers.co.uk/financial-planning/lincoln/?pl_p=23&pl_m=40,Samra Wealth Management Ltd,samrawm.co.uk
https://financialadvisers.co.uk/financial-planning/lincoln/?pl_p=23&pl_m=40,France Financial Limited,francefinancial.co.uk
https://financialadvisers.co.uk/financial-planning/lincoln/?pl_p=23&pl_m=40,Chapmans Financial LLP,chapmansfinancial.co.uk
https://financialadvisers.co.uk/financial-planning/lincoln/?pl_p=23&pl_m=40,Keightley Pattison Financial Management Limited,keightleypattisonifa.co.uk
https://financialadvisers.co.uk/financial-planning/lincoln/?pl_p=23&pl_m=40,Alex Vanderweele,partnership.sjp.co.uk/partner/vanderweelewm
https://financialadvisers.co.uk/financial-planning/lincoln/?pl_p=23&pl_m=40,Rumi Mortgages Ltd,
https://financialadvisers.co.uk/financial-planning/lincoln/?pl_p=24&pl_m=40,AMETHYST BROKERS LIMITED,amethystinsurance.co.uk
https://financialadvisers.co.uk/financial-planning/lincoln/?pl_p=24&pl_m=40,Which Way Financial Solutions Ltd,whichwayfs.com
https://financialadvisers.co.uk/financial-planning/lincoln/?pl_p=24&pl_m=40,44 Financial Limited,44financial.co.uk
https://financialadvisers.co.uk/financial-planning/lincoln/?pl_p=24&pl_m=40,Elegant Wealth Management Ltd,2plan.com
https://financialadvisers.co.uk/financial-planning/lincoln/?pl_p=24&pl_m=40,Martin Scholes,partnership.sjp.co.uk/partner/martinscholes
https://financialadvisers.co.uk/financial-planning/lincoln/?pl_p=24&pl_m=40,Adira Financial Services Ltd,adirafinancialservicesltd.co.uk
https://financialadvisers.co.uk/financial-planning/lincoln/?pl_p=24&pl_m=40,Neal Sheard Financial Management Limited,nealsheardfm.co.uk
https://financialadvisers.co.uk/financial-planning/lincoln/?pl_p=24&pl_m=40,Fox Red Wealth Management Ltd,partnership.sjp.co.uk/partner/foxredwm
https://financialadvisers.co.uk/financial-planning/lincoln/?pl_p=24&pl_m=40,Worrall Financial Management Ltd,worrallfm.co.uk
https://financialadvisers.co.uk/financial-planning/lincoln/?pl_p=24&pl_m=40,Artisan Financial Limited,artisanfinancial.co.uk
https://financialadvisers.co.uk/financial-planning/lincoln/?pl_p=24&pl_m=40,Peter Gay & Company,petergay.co.uk
https://financialadvisers.co.uk/financial-planning/lincoln/?pl_p=24&pl_m=40,Evolve Financial Solutions (ADG) Ltd,
https://financialadvisers.co.uk/financial-planning/lincoln/?pl_p=24&pl_m=40,Lisa Vaughan Financial Planning Ltd,lisavaughanfp.co.uk
https://financialadvisers.co.uk/financial-planning/lincoln/?pl_p=24&pl_m=40,Hudson Wealth Management Ltd,hudsonwealthmanagement.co.uk
https://financialadvisers.co.uk/financial-planning/lincoln/?pl_p=24&pl_m=40,James Blake Wealth Management Limited,jamesblakewealth.co.uk
https://financialadvisers.co.uk/financial-planning/lincoln/?pl_p=25&pl_m=40,CAW Financial Services Ltd,wilesfinancialassociates.co.uk
https://financialadvisers.co.uk/financial-planning/lincoln/?pl_p=25&pl_m=40,David Cooper,davidcooperwealthmanagement.co.uk
https://financialadvisers.co.uk/financial-planning/lincoln/?pl_p=25&pl_m=40,Prime Wealth Solutions Ltd,
https://financialadvisers.co.uk/financial-planning/lincoln/?pl_p=25&pl_m=40,Investment Technique Ltd,investment-technique.co.uk
https://financialadvisers.co.uk/financial-planning/lincoln/?pl_p=25&pl_m=40,Christison and Rowland LLP,christisonrowland.co.uk
https://financialadvisers.co.uk/financial-planning/lincoln/?pl_p=25&pl_m=40,Flintson Financial Services Ltd,pifinancial.co.uk
https://financialadvisers.co.uk/financial-planning/lincoln/?pl_p=25&pl_m=40,Next Chapter Financial Planning (Leeds) Limited,
https://financialadvisers.co.uk/financial-planning/lincoln/?pl_p=25&pl_m=40,Next Chapter Financial Planning Limited,ncfp.co.uk
https://financialadvisers.co.uk/financial-planning/lincoln/?pl_p=25&pl_m=40,Stephen McEwan,stevemcewanwm.co.uk
https://financialadvisers.co.uk/financial-planning/lincoln/?pl_p=25&pl_m=40,Face to Face Financial Planning Limited,facetoface.uk.com
https://financialadvisers.co.uk/financial-planning/lincoln/?pl_p=25&pl_m=40,Active Investment Managers Limited,morgan-williams.co.uk
https://financialadvisers.co.uk/financial-planning/lincoln/?pl_p=25&pl_m=40,Rixon Matthews Appleyard (Financial Services) Limited,rixonsfinancial.co.uk
https://financialadvisers.co.uk/financial-planning/lincoln/?pl_p=25&pl_m=40,pepperells wealth limited,pepperellswealth.com
https://financialadvisers.co.uk/financial-planning/lincoln/?pl_p=25&pl_m=40,Oracle Financial Advice Ltd,oraclefa.co.uk
https://financialadvisers.co.uk/financial-planning/lincoln/?pl_p=25&pl_m=40,Simon Musgrave,simonpmusgrave.co.uk
https://financialadvisers.co.uk/financial-planning/lincoln/?pl_p=26&pl_m=40,Time Financial Management Ltd,timefinancialmanagement.co.uk
https://financialadvisers.co.uk/financial-planning/lincoln/?pl_p=26&pl_m=40,Lee Breeds Financial Services Ltd,
https://financialadvisers.co.uk/financial-planning/lincoln/?pl_p=26&pl_m=40,Sovereign Money Matters Ltd,sovereignmm.co.uk
https://financialadvisers.co.uk/financial-planning/lincoln/?pl_p=26&pl_m=40,Harmony Wealth Management Limited,harmonywm.co.uk
https://financialadvisers.co.uk/financial-planning/lincoln/?pl_p=26&pl_m=40,Hawley & Wood Limited,hawley-wood.co.uk
https://financialadvisers.co.uk/financial-planning/lincoln/?pl_p=26&pl_m=40,Patricia Stewart,sjpp.co.uk/trishastewart
https://financialadvisers.co.uk/financial-planning/lincoln/?pl_p=26&pl_m=40,BF Financial Planning Limited,bffinancialplanning.co.uk
https://financialadvisers.co.uk/financial-planning/lincoln/?pl_p=26&pl_m=40,Homeworks Financial Solutions Limited,openhomework.uk.com
https://financialadvisers.co.uk/financial-planning/lincoln/?pl_p=26&pl_m=40,Smailes Goldie Financial Management Limited,
https://financialadvisers.co.uk/financial-planning/lincoln/?pl_p=26&pl_m=40,Specialised Wealth Management Ltd,
https://financialadvisers.co.uk/financial-planning/lincoln/?pl_p=26&pl_m=40,Tobias Colton,partnership.sjp.co.uk/partner/tobiascolton
https://financialadvisers.co.uk/financial-planning/lincoln/?pl_p=26&pl_m=40,Lisa Wickens Wealth Management Ltd,partnership.sjp.co.uk/partner/lisawickenswealthmanagement
https://financialadvisers.co.uk/financial-planning/lincoln/?pl_p=26&pl_m=40,Alison Gregory Wealth Management Limited,alisongregorywm.co.uk
https://financialadvisers.co.uk/financial-planning/lincoln/?pl_p=26&pl_m=40,Credencis (IFA) Limited,credencis.co.uk
https://financialadvisers.co.uk/financial-planning/lincoln/?pl_p=26&pl_m=40,Truscott Wealth Management Limited,truscottwm.co.uk
https://financialadvisers.co.uk/financial-planning/lincoln/?pl_p=27&pl_m=40,Redwood Financial Management Ltd,redwoodfmltd.co.uk
https://financialadvisers.co.uk/financial-planning/lincoln/?pl_p=27&pl_m=40,BFS Wealth and Protection Ltd,burleyfs.co.uk
https://financialadvisers.co.uk/financial-planning/lincoln/?pl_p=27&pl_m=40,Queensbury Financial Advisers Ltd,
https://financialadvisers.co.uk/financial-planning/lincoln/?pl_p=27&pl_m=40,Beam Mortgage Services Ltd,
https://financialadvisers.co.uk/financial-planning/lincoln/?pl_p=27&pl_m=40,Ashleyjai Wealth Management Ltd,partnership.sjp.co.uk/partner/ashleyjai
https://financialadvisers.co.uk/financial-planning/lincoln/?pl_p=27&pl_m=40,Jones & Co Advisers Limited,ifajonesandco.uk
https://financialadvisers.co.uk/financial-planning/lincoln/?pl_p=27&pl_m=40,Kirrage Williams Limited,kirragewilliams.co.uk
https://financialadvisers.co.uk/financial-planning/lincoln/?pl_p=27&pl_m=40,A Morton Financial Planning Ltd,mandgwealth.com/amortonfinancialplanning
https://financialadvisers.co.uk/financial-planning/lincoln/?pl_p=27&pl_m=40,Opal Financial Planning Ltd,mandgwealth.com/opalfinancialplanning
https://financialadvisers.co.uk/financial-planning/lincoln/?pl_p=27&pl_m=40,David Ducker Associates Ltd,davidducker.co.uk
https://financialadvisers.co.uk/financial-planning/lincoln/?pl_p=27&pl_m=40,Map Financial Solutions Ltd,mapifa.co.uk
https://financialadvisers.co.uk/financial-planning/lincoln/?pl_p=27&pl_m=40,Crow Financial Advice Limited,rcfinancial.co.uk
https://financialadvisers.co.uk/financial-planning/lincoln/?pl_p=27&pl_m=40,BlueJay Financial Planning Ltd,bluejayfinancialplanning.co.uk
https://financialadvisers.co.uk/financial-planning/lincoln/?pl_p=27&pl_m=40,Lynas Vokes Investments Ltd,lynasvokes.co.uk
https://financialadvisers.co.uk/financial-planning/lincoln/?pl_p=27&pl_m=40,Horizon Independent Financial Advisers Ltd,
https://financialadvisers.co.uk/financial-planning/lincoln/?pl_p=28&pl_m=40,Boardman Wealth Management Ltd,boardmanwealth.co.uk
https://financialadvisers.co.uk/financial-planning/lincoln/?pl_p=28&pl_m=40,AFS Limited,afs-online.co.uk
https://financialadvisers.co.uk/financial-planning/lincoln/?pl_p=28&pl_m=40,Milestone FP Ltd,milestonefp.co.uk
https://financialadvisers.co.uk/financial-planning/lincoln/?pl_p=28&pl_m=40,Milestone JV LLP,milestonefp.co.uk
https://financialadvisers.co.uk/financial-planning/lincoln/?pl_p=28&pl_m=40,Peter Shirley (Financial Services) Limited,psfswealth.co.uk
https://financialadvisers.co.uk/financial-planning/lincoln/?pl_p=28&pl_m=40,London Court Limited,londoncourt.com
https://financialadvisers.co.uk/financial-planning/lincoln/?pl_p=28&pl_m=40,Shorts Financial Services LLP,shortswealth.co.uk
https://financialadvisers.co.uk/financial-planning/lincoln/?pl_p=28&pl_m=40,Start Financial Planning Limited,startfp.co.uk
https://financialadvisers.co.uk/financial-planning/lincoln/?pl_p=28&pl_m=40,MPS & Sons Limited,mpswealthmanagement.co.uk
https://financialadvisers.co.uk/financial-planning/lincoln/?pl_p=28&pl_m=40,Chatsworth Financial Management Limited,cfmuk.com
https://financialadvisers.co.uk/financial-planning/lincoln/?pl_p=28&pl_m=40,Amy Gray Wealth Management Limited,amygraywealth.co.uk
https://financialadvisers.co.uk/financial-planning/lincoln/?pl_p=28&pl_m=40,Nicola Manfredi Wealth Management Ltd,partnership.sjp.co.uk/partner/nicolamanfredi
https://financialadvisers.co.uk/financial-planning/lincoln/?pl_p=28&pl_m=40,Talk Mortgage Broker Ltd,
https://financialadvisers.co.uk/financial-planning/lincoln/?pl_p=28&pl_m=40,Premium Financial Planning Services,premiumfinancialplanning.co.uk
https://financialadvisers.co.uk/financial-planning/lincoln/?pl_p=28&pl_m=40,Andrew Brook,consortfp.co.uk
https://financialadvisers.co.uk/financial-planning/lincoln/?pl_p=29&pl_m=40,Freer Financial Planning Ltd,freerfinancial.co.uk
https://financialadvisers.co.uk/financial-planning/lincoln/?pl_p=29&pl_m=40,Phoenix Financial Planning Ltd,phoenixfp-ltd.co.uk
https://financialadvisers.co.uk/financial-planning/lincoln/?pl_p=29&pl_m=40,Mark Sidlow,sidlowwealthmanagement
https://financialadvisers.co.uk/financial-planning/lincoln/?pl_p=29&pl_m=40,Michael Reed Wealth Management Limited,michaelreedwealthmanagement.co.uk
https://financialadvisers.co.uk/financial-planning/lincoln/?pl_p=29&pl_m=40,Bridgegate Financial Solutions Limited,bridgegatefs.com
https://financialadvisers.co.uk/financial-planning/lincoln/?pl_p=29&pl_m=40,C. McDonald Brown Limited,cmbltd.co.uk
https://financialadvisers.co.uk/financial-planning/lincoln/?pl_p=29&pl_m=40,Peak Wealth Management Limited,peakwm.co.uk
https://financialadvisers.co.uk/financial-planning/lincoln/?pl_p=29&pl_m=40,Prosperity Wealth Management Limited,prosperitywml.co.uk
https://financialadvisers.co.uk/financial-planning/lincoln/?pl_p=29&pl_m=40,Woodwards of Ripley Ltd,woodwardsfs.co.uk
https://financialadvisers.co.uk/financial-planning/lincoln/?pl_p=29&pl_m=40,SKYBOUND WEALTH MANAGEMENT LIMITED,skyboundwealth.co.uk
https://financialadvisers.co.uk/financial-planning/lincoln/?pl_p=29&pl_m=40,Jordan & Co Financial Services Ltd,2plan.com
https://financialadvisers.co.uk/financial-planning/lincoln/?pl_p=29&pl_m=40,Face To Face Financial Solutions Limited,facetofacefinancial.co.uk
https://financialadvisers.co.uk/financial-planning/lincoln/?pl_p=29&pl_m=40,Belmayne Independent Financial Services LLP,belmayne-ifa.com
https://financialadvisers.co.uk/financial-planning/lincoln/?pl_p=29&pl_m=40,Endurance Financial Limited,endurancefinancial.co.uk
https://financialadvisers.co.uk/financial-planning/lincoln/?pl_p=29&pl_m=40,Martyn Barnes,bramptonindependent.co.uk
https://financialadvisers.co.uk/financial-planning/lincoln/?pl_p=30&pl_m=40,Rosedale Financial Management,rosedalefm.com
https://financialadvisers.co.uk/financial-planning/lincoln/?pl_p=30&pl_m=40,Harron Financial Limited,harronfinancial.co.uk
https://financialadvisers.co.uk/financial-planning/lincoln/?pl_p=30&pl_m=40,B3 Wealth Management Limited,b3wealth.co.uk
https://financialadvisers.co.uk/financial-planning/lincoln/?pl_p=30&pl_m=40,Prospera Wealth Management LLP,prosperawealth.co.uk
https://financialadvisers.co.uk/financial-planning/lincoln/?pl_p=30&pl_m=40,GILBERT WEALTH LIMITED,gilbertwealth.co.uk
https://financialadvisers.co.uk/financial-planning/lincoln/?pl_p=30&pl_m=40,ABC Mortgage Solutions,abcmortgagesolutions.com
https://financialadvisers.co.uk/financial-planning/lincoln/?pl_p=30&pl_m=40,Veritas in Partnership Financial Services Ltd,vipfinancial.co.uk
https://financialadvisers.co.uk/financial-planning/lincoln/?pl_p=30&pl_m=40,Futures Assured Ltd,futuresassured.co.uk
https://financialadvisers.co.uk/financial-planning/lincoln/?pl_p=30&pl_m=40,The Gray Partnership Limited,tgp-ifa.co.uk
https://financialadvisers.co.uk/financial-planning/lincoln/?pl_p=30&pl_m=40,James Leighton Financial Services Ltd,jlfs.co.uk
https://financialadvisers.co.uk/financial-planning/lincoln/?pl_p=30&pl_m=40,Blowfish Financial Services Limited,blowfish-fs.co.uk
https://financialadvisers.co.uk/financial-planning/lincoln/?pl_p=30&pl_m=40,Victoria Blagden,partnership.sjp.co.uk/partner/victoriablagden
https://financialadvisers.co.uk/financial-planning/lincoln/?pl_p=30&pl_m=40,Face to Face Financial Solutions (Leeds) Ltd,facetofacefinancialsolutions.com
https://financialadvisers.co.uk/financial-planning/lincoln/?pl_p=30&pl_m=40,Face to Face Retirement Solutions Ltd,facetofaceretirementsolutions.com
https://financialadvisers.co.uk/financial-planning/lincoln/?pl_p=30&pl_m=40,Face to Face Mortgage Solutions Ltd,
https://financialadvisers.co.uk/financial-planning/lincoln/?pl_p=31&pl_m=40,Ink Financial Management Limited,inkfinancial.co.uk
https://financialadvisers.co.uk/financial-planning/lincoln/?pl_p=31&pl_m=40,AJS Financial Management Ltd,partnership.sjp.co.uk/partner/anthonyshultz
https://financialadvisers.co.uk/financial-planning/lincoln/?pl_p=31&pl_m=40,David John Hill,
https://financialadvisers.co.uk/financial-planning/lincoln/?pl_p=31&pl_m=40,Charles James Financial Planning Limited,charlesjames.com
https://financialadvisers.co.uk/financial-planning/lincoln/?pl_p=31&pl_m=40,Confidential Financial Planning Limited,
https://financialadvisers.co.uk/financial-planning/lincoln/?pl_p=31&pl_m=40,Richard Marshall Wealth Management Ltd,richardmarshall.co.uk
https://financialadvisers.co.uk/financial-planning/lincoln/?pl_p=31&pl_m=40,First Call Financial Advice Limited,firstcallfinancialadvice.co.uk
https://financialadvisers.co.uk/financial-planning/lincoln/?pl_p=31&pl_m=40,Stronghold Legacy Planning Ltd,strongholdlegacy.co.uk
https://financialadvisers.co.uk/financial-planning/lincoln/?pl_p=31&pl_m=40,Cox Financial Services Ltd,coxfs.co.uk
https://financialadvisers.co.uk/financial-planning/lincoln/?pl_p=31&pl_m=40,NFS Limited,
https://financialadvisers.co.uk/financial-planning/lincoln/?pl_p=31&pl_m=40,Calver Wealth Management,calverwm.co.uk
https://financialadvisers.co.uk/financial-planning/lincoln/?pl_p=31&pl_m=40,Indaba Wealth Management Limited,indabawealth.com
https://financialadvisers.co.uk/financial-planning/lincoln/?pl_p=31&pl_m=40,RHB Wealth Ltd,
https://financialadvisers.co.uk/financial-planning/lincoln/?pl_p=31&pl_m=40,The Money Map (Financial Navigation) LLP,themoneymap.co.uk
https://financialadvisers.co.uk/financial-planning/lincoln/?pl_p=31&pl_m=40,David Major,majorfinancial.fsbusiness.co.uk
https://financialadvisers.co.uk/financial-planning/lincoln/?pl_p=32&pl_m=40,Pearwood Financial Planning Limited,
https://financialadvisers.co.uk/financial-planning/lincoln/?pl_p=32&pl_m=40,Gritstone Financial Planning Limited,gritstone-fp.co.uk
https://financialadvisers.co.uk/financial-planning/lincoln/?pl_p=32&pl_m=40,The Pensions Adviser Ltd,thepensionsadviser.co.uk
https://financialadvisers.co.uk/financial-planning/lincoln/?pl_p=32&pl_m=40,Big Picture Financial Planning LTD,
https://financialadvisers.co.uk/financial-planning/lincoln/?pl_p=32&pl_m=40,Trevor Richardson,southcoateswm.co.uk
https://financialadvisers.co.uk/financial-planning/lincoln/?pl_p=32&pl_m=40,Alan Beverley,partnership.sjp.co.uk/partner/alanbeverley
https://financialadvisers.co.uk/financial-planning/lincoln/?pl_p=32&pl_m=40,Santorini Financial Planning Limited,santorinifinancialplanning.co.uk
https://financialadvisers.co.uk/financial-planning/lincoln/?pl_p=32&pl_m=40,Clark Wealth Management Ltd,clarkwm.co.uk
https://financialadvisers.co.uk/financial-planning/lincoln/?pl_p=32&pl_m=40,Liberty Partnership Limited,liberty-partnership.co.uk
https://financialadvisers.co.uk/financial-planning/lincoln/?pl_p=32&pl_m=40,Wealth Management & Growth Limited,wmgifa.co.uk
https://financialadvisers.co.uk/financial-planning/lincoln/?pl_p=32&pl_m=40,Enterprise Financial Services Ltd,enterprise-group.co.uk
https://financialadvisers.co.uk/financial-planning/lincoln/?pl_p=32&pl_m=40,Craig Clarkson,clarksonwealth.com
https://financialadvisers.co.uk/financial-planning/lincoln/?pl_p=32&pl_m=40,Smith Eliot Financial Management Ltd,smitheliotfinancialmanagement.co.uk
https://financialadvisers.co.uk/financial-planning/lincoln/?pl_p=32&pl_m=40,Oakwood Financial Services 2015 Ltd,oakwood.uk.com
https://financialadvisers.co.uk/financial-planning/lincoln/?pl_p=32&pl_m=40,Mark Owen,keithwilliamsfinancial.co.uk
https://financialadvisers.co.uk/financial-planning/lincoln/?pl_p=33&pl_m=40,The Pension Planner Ltd,thepensionplanner.co.uk
https://financialadvisers.co.uk/financial-planning/lincoln/?pl_p=33&pl_m=40,Grayson Lewis Financial Planning Limited,graysonlewis.co.uk
https://financialadvisers.co.uk/financial-planning/lincoln/?pl_p=33&pl_m=40,"K.A. Ripley, Esq.",
https://financialadvisers.co.uk/financial-planning/lincoln/?pl_p=33&pl_m=40,Andrew Langdale,cfcfinancialservices.co.uk
https://financialadvisers.co.uk/financial-planning/lincoln/?pl_p=33&pl_m=40,Fogwill & Jones Asset Management Ltd,fogwillandjones.co.uk
https://financialadvisers.co.uk/financial-planning/lincoln/?pl_p=33&pl_m=40,Clear Future Wealth Management Ltd,clearfuturewealth.co.uk
https://financialadvisers.co.uk/financial-planning/lincoln/?pl_p=33&pl_m=40,Paul Carter,partnership.sjp.co.uk/partner/paulcarter
https://financialadvisers.co.uk/financial-planning/lincoln/?pl_p=33&pl_m=40,Eason Rose Limited,easonrose.co.uk
